model_name,f1,roc_auc,accuracy
15_hydroxyprostaglandin_dehydrogenase_nad_,0.9285714285714286,0.9993327773144288,0.9967453213995118
1_25_dihydroxyvitamin_d_3_24_hydroxylase_mitochondrial,1.0,1.0,1.0
1_acyl_sn_glycerol_3_phosphate_acyltransferase_beta,1.0,1.0,1.0
2_acylglycerol_o_acyltransferase_2,0.967741935483871,0.99984783931832,0.9984650805832692
3_beta_hydroxysteroid_dehydrogenase_delta_5_4_isomerase_type_1,0.8888888888888891,0.9946236559139784,0.9896907216494846
3_beta_hydroxysteroid_delta_8_delta_7_isomerase,0.5714285714285715,0.9525,0.9901315789473684
3_phosphoinositide_dependent_protein_kinase_1,0.97196261682243,0.9652919278996864,0.998430141287284
4_hydroxyphenylpyruvate_dioxygenase,0.967741935483871,1.0,0.9982238010657194
5_hydroxytryptamine_receptor_1a,0.886046511627907,0.9899540712307876,0.9937535853145516
5_hydroxytryptamine_receptor_1b,0.9395348837209304,0.987036513860596,0.9965888218315404
5_hydroxytryptamine_receptor_1d,0.9625,0.9985070120849384,0.997893997893998
5_hydroxytryptamine_receptor_1f,0.8823529411764706,0.9978213507625272,0.9941262848751836
5_hydroxytryptamine_receptor_2a,0.931909212283044,0.9940484461118059,0.9965489240763296
5_hydroxytryptamine_receptor_2b,0.9015544041450776,0.9847390405220946,0.99449115685706
5_hydroxytryptamine_receptor_2c,0.9377777777777778,0.9945992948761032,0.99672131147541
5_hydroxytryptamine_receptor_3a,0.8876404494382022,0.9851176830200212,0.9933288859239492
5_hydroxytryptamine_receptor_4,0.9659863945578232,0.9942328414663648,0.9980252764612956
5_hydroxytryptamine_receptor_5a,0.85,0.9930955120828538,0.9918144611186904
5_hydroxytryptamine_receptor_6,0.9623865110246432,0.9985049447235554,0.9979835905993604
5_hydroxytryptamine_receptor_7,0.9285714285714286,0.996618429431218,0.9961435775734204
5_nucleotidase,1.0,1.0,1.0
6_phosphofructo_2_kinase_fructose_2_6_bisphosphatase_4,1.0,1.0,1.0
72_kda_type_iv_collagenase,0.9699074074074074,0.9967470775183798,0.9984285282562708
7_8_dihydro_8_oxoguanine_triphosphatase,0.7999999999999999,0.8764705882352941,0.9831460674157304
abelson_tyrosine_protein_kinase_2,0.5714285714285715,0.9842105263157896,0.9747899159663864
acetylcholinesterase,0.902116402116402,0.9886511774660596,0.9946044476850164
acetylcholine_receptor_subunit_alpha,0.6666666666666666,0.9671361502347418,0.972972972972973
acetylcholine_receptor_subunit_beta,0.6666666666666666,0.9825000000000002,0.9807692307692308
acetylcholine_receptor_subunit_delta,0.8571428571428571,0.9451923076923076,0.9925373134328358
acetyl_coa_carboxylase_1,0.98,0.9998429577780767,0.998888271261812
acetyl_coa_carboxylase_2,0.9896907216494846,0.9996400213301484,0.999439304737875
acetyl_coenzyme_a_transporter_1,1.0,1.0,1.0
acid_ceramidase,1.0,1.0,1.0
acid_sensing_ion_channel_3,0.6,0.991150442477876,0.982608695652174
activated_cdc42_kinase_1,0.9523809523809524,0.9893765238592824,0.99812382739212
activin_receptor_type_1,0.8,0.995,0.9807692307692308
acyl_coa_desaturase,0.9613259668508288,0.9995435882396071,0.9977101733725876
adenosine_deaminase,0.6,0.8794964028776977,0.9858156028368794
adenosine_kinase,0.9850746268656716,0.9999708794408854,0.9990421455938696
adenosine_receptor_a3,0.0,0.5875,0.9519230769230768
adenosylhomocysteinase,0.9166666666666666,0.9400897609852834,0.9947575360419396
adenylate_cyclase_type_1,1.0,1.0,1.0
alcohol_dehydrogenase_class_3,1.0,1.0,1.0
aldehyde_dehydrogenase_dimeric_nadp_preferring,0.8571428571428571,0.7962499999999999,0.9903846153846154
aldehyde_dehydrogenase_mitochondrial,0.9189189189189191,0.9891122278056952,0.9951219512195122
aldose_reductase,0.979591836734694,0.992892110115074,0.9987908101571948
aldo_keto_reductase_family_1_member_b10,0.875,0.9996408045977012,0.99438202247191
aldo_keto_reductase_family_1_member_c1,0.8,0.9976525821596244,0.9864864864864864
aldo_keto_reductase_family_1_member_c2,1.0,1.0,1.0
aldo_keto_reductase_family_1_member_c3,0.9708737864077671,0.9999329646388472,0.9983388704318936
alkaline_phosphatase_tissue_nonspecific_isozyme,0.9316770186335404,0.9963609898107716,0.9794776119402984
alk_tyrosine_kinase_receptor,0.9863013698630138,0.9989903867257802,0.9992250064582796
alpha_1a_adrenergic_receptor,0.9476190476190476,0.9971519327642347,0.9970682302771856
alpha_1b_adrenergic_receptor,0.9230769230769232,0.9988761534814168,0.99581589958159
alpha_1d_adrenergic_receptor,0.96875,0.9992787849093584,0.998012718600954
alpha_1_6_mannosyl_glycoprotein_2_beta_n_acetylglucosaminyltransferase,1.0,1.0,1.0
alpha_2a_adrenergic_receptor,0.9,0.9824412074881828,0.9948186528497408
alpha_2b_adrenergic_receptor,0.8,0.9656940760389036,0.9908256880733946
alpha_2c_adrenergic_receptor,0.9393939393939394,0.9995437016102916,0.9961813842482099
alpha_ketoglutarate_dependent_dioxygenase_alkb_homolog_3,1.0,1.0,1.0
amiloride_sensitive_amine_oxidase_copper_containing_,0.4,0.6877637130801687,0.9634146341463414
amiloride_sensitive_sodium_channel_subunit_alpha,1.0,1.0,1.0
amine_oxidase_flavin_containing_a,0.8469387755102041,0.9742267433289103,0.9912459877443828
amine_oxidase_flavin_containing_b,0.9487750556792872,0.9965486751573708,0.9970569417786308
aminopeptidase_n,0.9,1.0,0.9935691318327974
amp_deaminase_3,0.923076923076923,0.8663723916532906,0.9945945945945946
androgen_receptor,0.953560371517028,0.9974362344076836,0.9973679592911036
angiopoietin_1_receptor,0.9090909090909092,0.9942775817594212,0.9958053691275168
angiotensin_converting_enzyme_2,0.9473684210526316,1.0,0.9974025974025974
angiotensin_converting_enzyme,0.9736842105263158,0.9999879505006568,0.9982736296935693
apelin_receptor,0.8,0.9545454545454544,0.9230769230769232
arachidonate_12_lipoxygenase_12s_type,0.983050847457627,0.9950429610046264,0.9924050632911392
arachidonate_15_lipoxygenase,0.927536231884058,0.9982754372998276,0.9956140350877192
arachidonate_5_lipoxygenase_activating_protein,0.9633507853403142,0.9955345706722618,0.9994807892004154
arginase_1,0.9090909090909092,0.9979166666666668,0.9959183673469388
arginase_2_mitochondrial,0.9333333333333332,0.9375,0.9951923076923076
aromatase,0.9427312775330396,0.9994508241957032,0.9968992248062016
aryl_hydrocarbon_receptor,0.75,0.9954810445341336,0.9987616099071208
atpase_family_aaa_domain_containing_protein_2,0.8888888888888891,0.9981132075471698,0.990990990990991
atp_binding_cassette_sub_family_c_member_8,0.8333333333333334,0.9947183098591548,0.9864864864864864
atp_binding_cassette_sub_family_c_member_9,0.7499999999999999,1.0,0.9775280898876404
atp_binding_cassette_sub_family_g_member_2,0.9333333333333332,0.9995521719659652,0.9966216216216216
atp_citrate_synthase,1.0,1.0,1.0
atp_sensitive_inward_rectifier_potassium_channel_11,0.8695652173913043,0.9489621489621493,0.9928909952606636
atp_sensitive_inward_rectifier_potassium_channel_1,0.9859154929577464,0.9999710522506876,0.9990215264187868
atypical_chemokine_receptor_3,1.0,1.0,1.0
aurora_kinase_a,0.9476744186046512,0.9946678865782232,0.9971760276121744
aurora_kinase_b,0.9554655870445344,0.9997307072374888,0.9974370922646784
aurora_kinase_c,0.6,0.8386837881219904,0.9783783783783784
a_disintegrin_and_metalloproteinase_with_thrombospondin_motifs_4,0.927536231884058,0.997801572522243,0.9954954954954957
a_disintegrin_and_metalloproteinase_with_thrombospondin_motifs_5,0.9866666666666666,0.9998203700377224,0.9993346640053228
b1_bradykinin_receptor,0.978494623655914,0.9990981373776044,0.9986595174262736
b2_bradykinin_receptor,0.9352517985611511,0.9986116578562592,0.9958333333333332
bcl2_associated_agonist_of_cell_death,0.875,0.9992647058823528,0.9887640449438202
bcl_2_like_protein_1,0.9797979797979798,0.9999736524027362,0.9987365761212889
bcl_2_like_protein_2,0.8888888888888891,0.9964912280701754,0.9915966386554622
bcl_2_related_protein_a1,1.0,1.0,1.0
bdnf_nt_3_growth_factors_receptor,0.8125,0.9985320331341092,0.9896193771626296
beta_1_3_galactosyl_o_glycosyl_glycoprotein_beta_1_6_n_acetylglucosaminyltransferase,0.9174311926605504,0.9852266743262004,0.9953940634595702
beta_1_4_mannosyl_glycoprotein_4_beta_n_acetylglucosaminyltransferase,1.0,1.0,1.0
beta_1_adrenergic_receptor,0.9482758620689654,0.9999048126713372,0.9968944099378882
beta_2_adrenergic_receptor,0.9466666666666668,0.9995620376331036,0.9969639468690702
beta_3_adrenergic_receptor,0.9743589743589745,0.999966433941998,0.9987546699875468
beta_adrenergic_receptor_kinase_1,0.8888888888888891,1.0,0.9965397923875432
beta_secretase_1,0.9781771501925546,0.9987017565147022,0.998738451263404
beta_secretase_2,0.9634146341463417,0.9989800695559122,0.9979536152796724
bifunctional_epoxide_hydrolase_2,0.9777777777777776,0.9999394477777334,0.998714017212385
bile_acid_receptor,0.9444444444444444,0.9996896337678459,0.9963963963963964
bombesin_receptor_subtype_3,0.8979591836734694,0.9995654063450674,0.9936788874841972
bone_morphogenetic_protein_1,0.9701492537313432,0.9999713508093396,0.9981924988703118
bone_morphogenetic_protein_4,1.0,1.0,1.0
branched_chain_amino_acid_aminotransferase_mitochondrial,0.8571428571428571,0.9532657657657656,0.9941348973607038
bromodomain_adjacent_to_zinc_finger_domain_protein_2a,1.0,1.0,1.0
bromodomain_adjacent_to_zinc_finger_domain_protein_2b,1.0,1.0,1.0
bromodomain_containing_protein_2,0.9459459459459459,0.9980024696738578,0.9972432804962096
bromodomain_containing_protein_3,0.9870129870129868,0.9999690325777284,0.9994100294985252
bromodomain_containing_protein_4,0.9411764705882354,0.994887171286425,0.9968901174844506
bromodomain_containing_protein_9,0.6666666666666666,1.0,0.986842105263158
c3a_anaphylatoxin_chemotactic_receptor,1.0,1.0,1.0
c5a_anaphylatoxin_chemotactic_receptor_1,0.9152542372881356,0.9954932250126012,0.9958053691275168
calcitonin_gene_related_peptide_1,0.8888888888888891,0.9896551724137932,0.9957805907172996
calcitonin_gene_related_peptide_type_1_receptor,0.9837837837837836,0.999955795732078,0.999003984063745
calcium_activated_potassium_channel_subunit_alpha_1,0.75,0.9802955665024632,0.9877300613496932
calcium_calmodulin_dependent_3_5_cyclic_nucleotide_phosphodiesterase_1a,0.5714285714285715,0.9425,0.971153846153846
calcium_calmodulin_dependent_3_5_cyclic_nucleotide_phosphodiesterase_1b,0.6666666666666665,0.9946236559139784,0.9690721649484536
calcium_calmodulin_dependent_3_5_cyclic_nucleotide_phosphodiesterase_1c,0.8000000000000002,0.9714285714285716,0.990990990990991
calcium_calmodulin_dependent_protein_kinase_type_ii_subunit_delta,0.8,0.9883720930232558,0.9887640449438202
calcium_dependent_phospholipase_a2,0.5714285714285715,0.9789473684210528,0.9747899159663864
calcium_release_activated_calcium_channel_protein_1,0.8,1.0,0.9887640449438202
calpain_1_catalytic_subunit,0.9625,0.9866844457799648,0.997837837837838
calpain_2_catalytic_subunit,0.9642857142857144,0.9995836329914076,0.997872340425532
camp_and_camp_inhibited_cgmp_3_5_cyclic_phosphodiesterase_10a,0.9793351302785264,0.9998939025214848,0.9988480416708404
camp_dependent_protein_kinase_catalytic_subunit_alpha,1.0,1.0,1.0
camp_specific_3_5_cyclic_phosphodiesterase_7b,0.5454545454545454,0.7105263157894737,0.9579831932773109
cannabinoid_receptor_1,0.96602658788774,0.9947599826336384,0.997944225956382
cannabinoid_receptor_2,0.9513513513513512,0.9948152614431176,0.9974504249291783
carbonic_anhydrase_12,0.9036295369211514,0.9948737184296076,0.9947429507749028
carbonic_anhydrase_13,0.9722222222222222,0.999885024432308,0.9980563654033042
carbonic_anhydrase_14,0.9285714285714284,0.9976132892057028,0.995397764628534
carbonic_anhydrase_2,0.94,0.9984202252787752,0.9966966772459356
carbonic_anhydrase_3,0.5,0.6981132075471698,0.9639639639639641
carbonic_anhydrase_4,0.8666666666666666,0.9805786358205713,0.9930151338766008
carbonic_anhydrase_5a_mitochondrial,0.870967741935484,0.9825186049905152,0.9921104536489151
carbonic_anhydrase_5b_mitochondrial,0.7619047619047621,0.8374482044198894,0.9866310160427808
carbonic_anhydrase_6,0.7346938775510203,0.9688910878842228,0.9820936639118456
carbonic_anhydrase_7,0.9417989417989416,0.9976133974267962,0.9966059858068498
carbonic_anhydrase_9,0.9491173416407062,0.9978085481224056,0.9972386587771204
carboxypeptidase_a1,0.8888888888888891,0.9946236559139784,0.9896907216494846
carboxypeptidase_b2,1.0,1.0,1.0
carboxypeptidase_b,0.9090909090909092,0.9979757085020242,0.9960317460317459
carnitine_o_palmitoyltransferase_1_liver_isoform,0.9607843137254902,0.9908492850421172,0.9977057642672784
carnitine_o_palmitoyltransferase_1_muscle_isoform,0.9411764705882352,0.9996870109546164,0.9972527472527472
carnitine_o_palmitoyltransferase_2_mitochondrial,1.0,1.0,1.0
casein_kinase_ii_subunit_alpha,0.984126984126984,1.0,0.999236641221374
casein_kinase_i_isoform_delta,0.5,0.9566037735849056,0.9639639639639641
caspase_1,0.9659863945578232,0.999914023304742,0.998179169701384
caspase_2,0.923076923076923,0.9984639016897082,0.9948186528497408
caspase_3,0.968944099378882,0.9996425686446918,0.9981283922889762
caspase_6,0.9523809523809524,0.9967017109874252,0.9977876106194692
caspase_7,1.0,1.0,1.0
caspase_8,0.9056603773584906,1.0,0.994186046511628
caspase_9,0.6666666666666666,0.9282700421940928,0.975609756097561
catechol_o_methyltransferase,0.8421052631578948,0.9991150442477876,0.991404011461318
cathepsin_b,0.9405940594059404,0.9995924855491328,0.996629213483146
cathepsin_d,0.9716981132075472,0.9996350031937221,0.9984034060670568
cathepsin_e,0.7692307692307692,0.9952229299363058,0.990625
cathepsin_f,0.9411764705882352,1.0,0.99438202247191
cathepsin_g,0.7000000000000001,0.9382440476190476,0.9869565217391304
cathepsin_k,0.9503311258278144,0.9975436100379828,0.99709386806161
cathepsin_l1,0.9211356466876972,0.9947532996122216,0.9956468744558592
cathepsin_l2,1.0,1.0,1.0
cathepsin_s,0.9505813953488372,0.9978671008079708,0.9970567867036012
cell_division_cycle_7_related_protein_kinase,0.9866666666666666,0.9998985852644388,0.99909338168631
ceramide_glucosyltransferase,0.96,0.99990231990232,0.9976303317535544
cgmp_dependent_3_5_cyclic_phosphodiesterase,0.97,0.9966277787617192,0.9983179142136248
cholecystokinin_receptor_type_a,0.9315068493150684,0.9966704817396732,0.9964488636363636
cholesteryl_ester_transfer_protein,0.9527559055118108,0.9957443812110006,0.9973063973063973
cholinesterase,0.8848484848484848,0.9883804061435641,0.9936613844870724
chymase,0.9361702127659576,0.9984132648859362,0.9964953271028038
chymotrypsinogen_b,0.5714285714285715,0.988599348534202,0.990353697749196
chymotrypsin_c,0.6666666666666665,0.9947368421052633,0.9896193771626296
coagulation_factor_ix,0.9714285714285714,1.0,0.9987937273823884
coagulation_factor_vii,0.9904761904761904,1.0,0.9994706193753308
coagulation_factor_xiii_a_chain,1.0,1.0,1.0
coagulation_factor_xi,0.984375,0.9999565368567456,0.9990995047276002
coagulation_factor_x,0.9798994974874372,0.9995875796699658,0.9988837728477744
cocaine_esterase,0.8947368421052632,0.9959349593495934,0.9940652818991098
collagenase_3,0.983050847457627,0.9996414233897948,0.9991326973113616
complement_c1r_subcomponent,1.0,1.0,1.0
complement_c1s_subcomponent,0.923076923076923,1.0,0.9963963963963964
complement_factor_d,0.992063492063492,0.9999981429897864,0.9995488382585156
corticosteroid_11_beta_dehydrogenase_isozyme_1,0.93801652892562,0.996094828134542,0.9967437316834908
corticosteroid_11_beta_dehydrogenase_isozyme_2,0.75,0.9870689655172412,0.9887640449438202
corticosteroid_binding_globulin,0.8888888888888891,1.0,0.9925373134328358
corticotropin_releasing_factor_receptor_1,0.9809725158562368,0.9999459984313332,0.9989180091368116
creb_binding_protein,0.9333333333333332,0.999552171965965,0.9969325153374232
cx3c_chemokine_receptor_1,0.8888888888888891,1.0,0.9956521739130436
cyclin_dependent_kinase_1,0.912280701754386,0.9923120876837568,0.9960722702278084
cyclin_dependent_kinase_2,0.95,0.9909334754092338,0.997178130511464
cyclin_dependent_kinase_4,0.98,0.999481631733153,0.9988833054159688
cyclin_dependent_kinase_6,0.9736842105263158,0.9970164144266246,0.9986072423398328
cyclin_dependent_kinase_7,0.5,0.9811827956989247,0.9587628865979382
cyclin_dependent_kinase_8,0.8500000000000001,0.9991371872303709,0.9904610492845788
cyclin_dependent_kinase_9,0.9508196721311476,0.9891575840145324,0.997352162400706
cyclin_dependent_like_kinase_5,1.0,1.0,1.0
cyclin_g_associated_kinase,0.7499999999999999,0.9945799457994581,0.984126984126984
cyclin_t1,1.0,1.0,1.0
cysteinyl_leukotriene_receptor_1,0.9743589743589745,1.0,0.9984825493171472
cysteinyl_leukotriene_receptor_2,1.0,1.0,1.0
cystine_glutamate_transporter,1.0,1.0,1.0
cytidine_deaminase,1.0,1.0,1.0
cytochrome_p450_11b1_mitochondrial,0.9805825242718448,0.9995330186568834,0.9988811188811187
cytochrome_p450_11b2_mitochondrial,0.9655172413793104,0.9998983380101932,0.9978975535168196
cytochrome_p450_1a1,0.75,0.9865591397849462,0.9793814432989691
cytochrome_p450_1b1,1.0,1.0,1.0
cytochrome_p450_26a1,0.972972972972973,1.0,0.9985486211901308
cytochrome_p450_2a6,0.7272727272727273,0.9944690265486724,0.9869565217391304
cytochrome_p450_2c19,0.6666666666666666,0.5929824561403508,0.9930795847750864
cytochrome_p450_2c9,0.3333333333333333,0.8679245283018867,0.9754601226993864
cytochrome_p450_2d6,0.5,0.9796416938110749,0.9871382636655948
cytochrome_p450_3a4,0.75,0.9050925925925926,0.9898218829516541
cytosolic_phospholipase_a2_beta,1.0,1.0,1.0
cytosolic_phospholipase_a2,0.9642857142857144,0.9968353485594864,0.9983108108108107
cytosol_aminopeptidase,0.8888888888888891,1.0,0.9957805907172996
c_c_chemokine_receptor_like_2,0.972972972972973,1.0,0.9985486211901308
c_c_chemokine_receptor_type_1,0.9508196721311476,0.9922958063770796,0.9973070017953322
c_c_chemokine_receptor_type_2,0.975609756097561,0.9995790338927594,0.9986960065199674
c_c_chemokine_receptor_type_3,0.9792531120331949,0.9999287214163248,0.9988664701881659
c_c_chemokine_receptor_type_5,0.96137339055794,0.9961673889490792,0.9979437971213159
c_c_chemokine_receptor_type_8,0.8750000000000001,0.9983611930514584,0.9942528735632185
c_c_chemokine_receptor_type_9,1.0,1.0,1.0
c_c_motif_chemokine_5,1.0,1.0,1.0
c_x_c_chemokine_receptor_type_1,0.9142857142857144,0.9683388157894736,0.9954476479514416
c_x_c_chemokine_receptor_type_2,0.975,0.9991718521229868,0.9985775248933144
c_x_c_chemokine_receptor_type_3,0.9784172661870504,0.9994324245957568,0.9987255734919286
c_x_c_chemokine_receptor_type_4,0.9090909090909092,0.9967197750702904,0.9933774834437086
d1a_dopamine_receptor,0.9684210526315791,0.9977003083677416,0.9980744544287548
d1b_dopamine_receptor,0.9714285714285714,0.9901122842299312,0.998531571218796
d2_dopamine_receptor,0.9065817409766452,0.9961066204832368,0.9948640130734212
d3_dopamine_receptor,0.972796517954298,0.9993252012688532,0.9985537429133404
d4_dopamine_receptor,0.9477911646586344,0.9997283993728494,0.9972003876386346
dctp_pyrophosphatase_1,0.9333333333333332,0.8915624999999999,0.9951923076923076
delta_type_opioid_receptor,0.9596412556053812,0.9997882431932238,0.997520888807272
deoxycytidine_kinase,1.0,1.0,1.0
deoxyuridine_5_triphosphate_nucleotidohydrolase_mitochondrial,0.967741935483871,0.9999261720191952,0.9978563772775992
diacylglycerol_o_acyltransferase_1,0.9575289575289576,0.9953867315627976,0.9975512021371328
diacylglycerol_o_acyltransferase_2,1.0,1.0,1.0
dihydrofolate_reductase,0.9441624365482232,0.9917434578186268,0.9970744680851064
dihydroorotate_dehydrogenase_quinone_mitochondrial,0.9633507853403142,0.9943558628474672,0.9977265345891524
dipeptidase_1,0.8333333333333334,0.9131455399061034,0.9864864864864864
dipeptidyl_peptidase_1,0.9825783972125436,0.9988352720222948,0.9989426940156482
dipeptidyl_peptidase_2,0.9382716049382716,0.9961990950226244,0.9971247843588268
dipeptidyl_peptidase_4,0.981132075471698,0.9984698588912264,0.9989513697732336
dipeptidyl_peptidase_8,0.9538461538461538,0.999366682700016,0.9970631424375918
dipeptidyl_peptidase_9,0.9069767441860463,0.9979371378180902,0.9948519948519948
discoidin_domain_containing_receptor_2,0.75,0.7510729613733905,0.9915611814345991
disintegrin_and_metalloproteinase_domain_containing_protein_10,0.9824561403508772,0.9991861917559332,0.998936170212766
disintegrin_and_metalloproteinase_domain_containing_protein_17,0.9748953974895398,0.999947206680316,0.9986315429353404
disintegrin_and_metalloproteinase_domain_containing_protein_8,1.0,1.0,1.0
disintegrin_and_metalloproteinase_domain_containing_protein_9,0.9090909090909092,1.0,0.9941520467836256
dna_cytosine_5_methyltransferase_1,0.5,0.921940928270042,0.975609756097561
dna_cytosine_5_methyltransferase_3b,1.0,1.0,1.0
dna_dependent_protein_kinase_catalytic_subunit,0.9295774647887324,0.9954297211842484,0.9951409135082604
dna_directed_rna_polymerase_i_subunit_rpa1,1.0,1.0,1.0
dna_polymerase_alpha_catalytic_subunit,0.5,0.7286821705426357,0.9775280898876404
dna_repair_protein_complementing_xp_g_cells,1.0,1.0,1.0
dna_topoisomerase_1,0.9696969696969696,0.999910698338989,0.9980970504281635
dna_topoisomerase_2_alpha,0.5,0.9213615023474178,0.972972972972973
dual_3_5_cyclic_amp_and_gmp_phosphodiesterase_11a,0.8888888888888888,0.9865034526051476,0.9944903581267218
dual_specificity_mitogen_activated_protein_kinase_kinase_1,0.9411764705882352,0.9998183828174352,0.9969192852741836
dual_specificity_protein_kinase_clk1,0.8888888888888891,0.999122807017544,0.9965397923875432
dual_specificity_protein_kinase_clk4,0.4444444444444445,0.9735099337748344,0.9679487179487181
dual_specificity_protein_kinase_ttk,0.9487179487179488,0.9992611683848796,0.9973244147157192
dual_specificity_protein_phosphatase_3,0.5714285714285715,0.9655629139072848,0.9807692307692308
dual_specificity_tyrosine_phosphorylation_regulated_kinase_1a,0.923076923076923,1.0,0.9975903614457832
dual_specificity_tyrosine_phosphorylation_regulated_kinase_1b,0.9473684210526316,1.0,0.9975
d_amino_acid_oxidase,0.9846153846153848,1.0,0.9989189189189188
e3_ubiquitin_protein_ligase_mdm2,0.9904761904761904,0.9999402828057798,0.9994326241134752
e3_ubiquitin_protein_ligase_xiap,0.9950248756218906,0.9995037097694732,0.9996963255390222
ectonucleotide_pyrophosphatase_phosphodiesterase_family_member_1,0.8888888888888891,0.9006622516556291,0.9935897435897436
ectonucleotide_pyrophosphatase_phosphodiesterase_family_member_2,0.7659574468085107,0.9773250460405156,0.9852941176470588
ef_hand_calcium_binding_domain_containing_protein_4b,0.9333333333333332,1.0,0.9975903614457832
egl_nine_homolog_1,0.9620253164556964,0.999854241570304,0.9980607627666452
egl_nine_homolog_2,0.8000000000000002,0.9988023952095808,0.9921722113502937
egl_nine_homolog_3,0.9714285714285714,1.0,0.99835255354201
elongation_of_very_long_chain_fatty_acids_protein_6,0.9696969696969696,1.0,0.9982698961937716
endoplasmic_reticulum_aminopeptidase_2,0.6666666666666666,1.0,0.9807692307692308
endoplasmin,0.8571428571428571,0.9962850388382304,0.9953488372093025
endothelial_pas_domain_containing_protein_1,1.0,1.0,1.0
endothelin_1_receptor,0.9714285714285714,0.9993476024707498,0.9982642237222756
endothelin_b_receptor,0.9638554216867471,0.9997774925117672,0.9979536152796724
endothelin_converting_enzyme_1,0.98,0.9999679610406254,0.9989401165871754
enteropeptidase,1.0,1.0,1.0
ephrin_type_a_receptor_2,0.3333333333333333,0.9516129032258064,0.9587628865979382
ephrin_type_b_receptor_4,0.9565217391304348,1.0,0.998069498069498
epithelial_discoidin_domain_containing_receptor_1,0.4,0.9776085982982534,0.98159509202454
epoxide_hydrolase_1,0.9152542372881356,0.9992215735335002,0.9959316517493898
equilibrative_nucleoside_transporter_1,0.96875,1.0,0.9984996249062266
estradiol_17_beta_dehydrogenase_1,0.9661016949152544,0.9999728842972966,0.997997997997998
estradiol_17_beta_dehydrogenase_2,0.9770992366412214,0.9999184206232664,0.9985775248933144
estrogen_receptor,0.7692307692307693,1.0,0.972972972972973
eukaryotic_initiation_factor_4a_i,1.0,1.0,1.0
eukaryotic_translation_initiation_factor_2_alpha_kinase_3,0.9565217391304348,0.9997970779220781,0.9978213507625272
eukaryotic_translation_initiation_factor_4e,0.8888888888888891,0.9,0.9915966386554622
excitatory_amino_acid_transporter_1,0.9090909090909092,1.0,0.9915966386554622
excitatory_amino_acid_transporter_2,1.0,1.0,1.0
excitatory_amino_acid_transporter_3,1.0,1.0,1.0
extracellular_calcium_sensing_receptor,0.8823529411764706,0.9994979919678716,0.9941348973607038
e_selectin,0.9615384615384616,0.9997973041451302,0.9974522292993632
fad_linked_sulfhydryl_oxidase_alr,0.4358974358974359,0.8803436767553247,0.9738639738639738
farnesyl_pyrophosphate_synthase,1.0,1.0,1.0
fatty_acid_amide_hydrolase_1,0.9408450704225352,0.9969864189530754,0.9968468468468468
fatty_acid_binding_protein_adipocyte,1.0,1.0,1.0
fatty_acid_binding_protein_epidermal,0.8888888888888891,1.0,0.9896907216494846
fatty_acid_binding_protein_heart,0.8000000000000002,0.9903614457831326,0.9883040935672516
fatty_acid_desaturase_1,0.8571428571428571,0.9975922953451044,0.9891891891891892
fatty_acid_synthase,0.9891304347826086,0.9999747135405378,0.99935504675911
fibroblast_growth_factor_2,1.0,1.0,1.0
fibroblast_growth_factor_receptor_1,0.9343065693430658,0.9886279035139964,0.9962577962577964
fibroblast_growth_factor_receptor_2,0.9508196721311476,0.9691143497757848,0.9973844812554491
fibroblast_growth_factor_receptor_3,0.9640287769784172,0.9975592482990616,0.9978822532825076
flap_endonuclease_1,0.8333333333333333,0.9992125984251968,0.9922779922779924
focal_adhesion_kinase_1,0.962406015037594,0.9996718195554524,0.9977777777777778
folate_receptor_alpha,1.0,1.0,1.0
folate_receptor_beta,0.8,0.8333333333333333,0.9878048780487804
folate_transporter_1,1.0,1.0,1.0
folylpolyglutamate_synthase_mitochondrial,0.8571428571428571,0.875,0.9903846153846154
free_fatty_acid_receptor_1,0.9873417721518988,0.9998646209386282,0.9994124559341949
fructose_1_6_bisphosphatase_1,0.9696969696969696,0.9995235394214408,0.9983452840595698
furin,0.9473684210526316,1.0,0.9978991596638656
g2_mitotic_specific_cyclin_b3,0.9397590361445782,0.9998110355253212,0.9967824967824968
galectin_34,0.8,0.9968553459119496,0.9877300613496932
gamma_aminobutyric_acid_receptor_subunit_alpha_1,0.8055555555555555,0.9946248922104052,0.9863945578231292
gamma_aminobutyric_acid_receptor_subunit_alpha_2,0.875,0.9763429384560656,0.9917525773195875
gamma_aminobutyric_acid_receptor_subunit_alpha_3,0.6923076923076923,0.9902082044939188,0.9823008849557522
gamma_aminobutyric_acid_receptor_subunit_alpha_4,0.6,0.9741784037558686,0.972972972972973
gamma_aminobutyric_acid_receptor_subunit_alpha_5,0.9655172413793104,0.9995532262221841,0.997995991983968
gamma_aminobutyric_acid_receptor_subunit_alpha_6,0.9411764705882352,1.0,0.99438202247191
gamma_aminobutyric_acid_receptor_subunit_beta_1,0.7499999999999999,0.920754716981132,0.981981981981982
gamma_aminobutyric_acid_receptor_subunit_beta_2,0.6666666666666665,0.989351851851852,0.9890510948905108
gamma_aminobutyric_acid_receptor_subunit_beta_3,0.7619047619047621,0.9968971631205674,0.987012987012987
gamma_aminobutyric_acid_receptor_subunit_delta,0.75,0.975,0.9807692307692308
gamma_aminobutyric_acid_receptor_subunit_epsilon,0.3333333333333333,0.9535864978902954,0.951219512195122
gamma_aminobutyric_acid_receptor_subunit_gamma_1,0.5,0.9758064516129032,0.9587628865979382
gamma_aminobutyric_acid_receptor_subunit_gamma_2,0.631578947368421,0.9657878217200252,0.9807162534435262
gamma_aminobutyric_acid_receptor_subunit_gamma_3,0.6666666666666665,0.9836065573770492,0.9761904761904762
gamma_aminobutyric_acid_receptor_subunit_pi,0.6666666666666666,0.9620253164556962,0.975609756097561
gamma_aminobutyric_acid_receptor_subunit_rho_1,1.0,1.0,1.0
gamma_aminobutyric_acid_receptor_subunit_theta,0.5714285714285715,0.9578059071729956,0.9634146341463414
gastricsin,1.0,1.0,1.0
gastrin_cholecystokinin_type_b_receptor,0.9918699186991871,0.9999041840970064,0.9995135003648749
geranylgeranyl_pyrophosphate_synthase,1.0,1.0,1.0
geranylgeranyl_transferase_type_1_subunit_beta,0.8000000000000002,0.9024096385542171,0.9883040935672516
glucagon_receptor,0.9956709956709956,0.9998790684817912,0.9997565725413826
glucagon,0.9803921568627452,0.9997390669032461,0.9986893840104848
glucocorticoid_receptor,0.9751552795031057,0.9983148985940914,0.9985249377708122
glucokinase_regulatory_protein,0.9090909090909092,1.0,0.9957805907172996
glucokinase,0.9655172413793104,0.9991820040899796,0.99438202247191
glucose_dependent_insulinotropic_receptor,1.0,1.0,1.0
glucosylceramidase,0.9428571428571428,0.9739051309146411,0.996138996138996
glutamate_carboxypeptidase_2,0.9855072463768116,0.9731888964116452,0.9992313604919292
glutamate_receptor_1,0.9166666666666666,0.9981583793738492,0.9963963963963964
glutamate_receptor_2,0.9666666666666668,0.9998592342342344,0.99835255354201
glutamate_receptor_3,0.75,0.9692307692307692,0.9850746268656716
glutamate_receptor_4,0.7272727272727273,1.0,0.9890510948905108
glutamate_receptor_ionotropic_kainate_1,1.0,1.0,1.0
glutamate_receptor_ionotropic_kainate_2,0.8749999999999999,0.9986883261023104,0.9933333333333332
glutamate_receptor_ionotropic_kainate_3,0.8888888888888891,0.9771929824561404,0.9915966386554622
glutamate_receptor_ionotropic_kainate_5,0.8888888888888891,0.9,0.9935897435897436
glutamate_receptor_ionotropic_nmda_1,0.8571428571428571,0.9992997198879552,0.9951807228915662
glutamate_receptor_ionotropic_nmda_2b,0.9387755102040816,0.9995759717314489,0.9965675057208238
glutaminase_kidney_isoform_mitochondrial,1.0,1.0,1.0
glutaminyl_peptide_cyclotransferase,0.9666666666666666,0.9996623552023272,0.9984289080911232
glutamyl_aminopeptidase,1.0,1.0,1.0
glutathione_s_transferase_a1,0.7499999999999999,1.0,0.9733333333333334
glutathione_s_transferase_mu_2,1.0,1.0,1.0
glutathione_s_transferase_p,1.0,1.0,1.0
glycine_receptor_subunit_alpha_1,0.5714285714285715,0.9457964601769911,0.9869565217391304
glycogen_phosphorylase_liver_form,0.9523809523809524,0.9998533338727948,0.9974508375819372
glycogen_phosphorylase_muscle_form,0.9090909090909092,0.99513256006628,0.9948717948717948
glycogen_starch_synthase_muscle,1.0,1.0,1.0
glycylpeptide_n_tetradecanoyltransferase_1,0.9090909090909092,0.9996516893068615,0.9962476547842402
granzyme_b,0.8888888888888891,1.0,0.9915966386554622
group_10_secretory_phospholipase_a2,0.8571428571428571,0.9967811158798284,0.9957805907172996
group_iie_secretory_phospholipase_a2,0.8571428571428571,0.875,0.9896907216494846
growth_factor_receptor_bound_protein_2,1.0,1.0,1.0
growth_hormone_secretagogue_receptor_type_1,0.936842105263158,0.9975908420832827,0.9964071856287424
g_protein_coupled_bile_acid_receptor_1,0.967741935483871,0.9853399241603468,0.9979057591623036
g_protein_coupled_receptor_35,0.9090909090909092,0.9990783410138248,0.9954954954954957
g_protein_coupled_receptor_4,1.0,1.0,1.0
g_protein_coupled_receptor_55,1.0,1.0,1.0
heat_shock_protein_75_kda_mitochondrial,0.5,0.5625,0.9733333333333334
heat_shock_protein_hsp_90_alpha,0.9225806451612903,0.9861745486989449,0.9953416149068324
heat_shock_protein_hsp_90_beta,0.9473684210526316,0.9990953337313864,0.997168284789644
hematopoietic_prostaglandin_d_synthase,0.9032258064516128,0.993682310469314,0.9947368421052633
heparanase,0.9333333333333332,0.9936960849369608,0.9947368421052633
hepatic_triacylglycerol_lipase,1.0,1.0,1.0
hepatocyte_growth_factor_activator,1.0,1.0,1.0
hepatocyte_growth_factor_receptor,0.981443298969072,0.9996835145910766,0.9990247074122236
high_affinity_camp_specific_3_5_cyclic_phosphodiesterase_7a,0.9617486338797814,0.9913249211356466,0.9978553921568628
high_affinity_camp_specific_and_ibmx_insensitive_3_5_cyclic_phosphodiesterase_8b,0.96,0.9983038869257952,0.9977116704805492
high_affinity_cgmp_specific_3_5_cyclic_phosphodiesterase_9a,0.9850746268656716,0.998297801093872,0.9990808823529412
high_affinity_nerve_growth_factor_receptor,0.946808510638298,0.9995616041476059,0.997037037037037
histamine_h1_receptor,0.9154228855721394,0.9920618925424652,0.995263304541655
histamine_h2_receptor,0.7692307692307693,0.8830882352941177,0.9831460674157304
histamine_h3_receptor,0.958041958041958,0.9985721373351211,0.9978195033313144
histamine_h4_receptor,0.9528301886792452,0.9992789162397434,0.9973190348525468
histone_acetyltransferase_p300,0.5,0.9561403508771931,0.9663865546218487
histone_arginine_methyltransferase_carm1,0.75,0.8948497854077253,0.9915611814345991
histone_deacetylase_10,0.9666666666666666,0.9925064798419176,0.998447204968944
histone_deacetylase_11,0.9130434782608696,0.9942368742368743,0.995260663507109
histone_deacetylase_1,0.9699769053117784,0.9982193782506816,0.9984162758116586
histone_deacetylase_2,0.9555555555555556,0.9937550104216769,0.9973884657236126
histone_deacetylase_3,0.95,0.9979639692769984,0.9971264367816092
histone_deacetylase_4,0.9022556390977444,0.999061809863646,0.9951347305389222
histone_deacetylase_5,0.9375,0.9960649783069316,0.9966666666666668
histone_deacetylase_6,0.9658886894075404,0.9994244551846736,0.9980761441879304
histone_deacetylase_7,0.8571428571428572,0.9995487364620942,0.9912280701754386
histone_deacetylase_8,0.9421487603305784,0.9960139164260566,0.9968203497615262
histone_deacetylase_9,0.8947368421052632,0.9879742547425474,0.9940652818991098
histone_lysine_n_methyltransferase_ehmt2,0.9411764705882352,0.991898148148148,0.9974554707379136
histone_lysine_n_methyltransferase_ezh2,0.9803921568627452,0.9999785589468154,0.998936170212766
histone_lysine_n_methyltransferase_h3_lysine_79_specific,0.8888888888888891,1.0,0.9956521739130436
histone_lysine_n_methyltransferase_smyd3,0.8571428571428571,1.0,0.9929078014184396
hormone_sensitive_lipase,0.9708737864077671,0.9833465503568596,0.9984168865435356
hydroxycarboxylic_acid_receptor_2,0.9803921568627452,0.9999550157444896,0.9988649262202044
hypoxanthine_guanine_phosphoribosyltransferase,0.7499999999999999,0.8,0.9922779922779924
hypoxia_inducible_factor_1_alpha,0.8888888888888891,1.0,0.9967845659163987
igg_receptor_fcrn_large_subunit_p51,1.0,1.0,1.0
ileal_sodium_bile_acid_cotransporter,0.972972972972973,0.9995294029064076,0.9986072423398328
indoleamine_2_3_dioxygenase_1,0.8727272727272728,0.9808729496802892,0.9943043124491456
induced_myeloid_leukemia_cell_differentiation_protein_mcl_1,0.9770992366412214,0.9986182407657571,0.998542274052478
inhibitor_of_nuclear_factor_kappa_b_kinase_subunit_alpha,1.0,1.0,1.0
inhibitor_of_nuclear_factor_kappa_b_kinase_subunit_beta,0.975609756097561,1.0,0.9986622073578596
inhibitor_of_nuclear_factor_kappa_b_kinase_subunit_epsilon,0.8750000000000001,1.0,0.993993993993994
inosine_5_monophosphate_dehydrogenase_1,0.9777777777777776,0.999010452099697,0.9986225895316804
inosine_5_monophosphate_dehydrogenase_2,0.9853658536585368,0.9999569121524966,0.9991465149359886
insulin_degrading_enzyme,0.8571428571428571,1.0,0.9896907216494846
insulin_like_growth_factor_1_receptor,0.9841269841269842,0.9997949421777548,0.99897792313982
insulin_like_growth_factor_binding_protein_3,0.8888888888888891,1.0,0.9965397923875432
insulin_receptor,0.8421052631578948,0.9956989247311828,0.9936842105263158
integrin_alpha_v,1.0,1.0,1.0
intercellular_adhesion_molecule_1,1.0,1.0,1.0
interleukin_1_receptor_associated_kinase_4,0.923076923076923,0.9985991536553334,0.9950690335305721
interleukin_2,0.7499999999999999,0.9964912280701754,0.9831932773109244
interleukin_8,0.8571428571428571,0.9976525821596244,0.9864864864864864
intermediate_conductance_calcium_activated_potassium_channel_protein_4,0.7777777777777778,0.8072763028515241,0.9885057471264368
interstitial_collagenase,0.9772727272727272,0.9997819368131868,0.998692566305566
isocitrate_dehydrogenase_nadp_cytoplasmic,0.9798657718120806,0.9999470681021798,0.9988580129425201
isoleucine_trna_ligase_cytoplasmic,1.0,1.0,1.0
kallikrein_1,0.7058823529411764,0.8406542056074768,0.9885844748858448
kappa_type_opioid_receptor,0.9736477115117892,0.9995814910397278,0.9984038978494624
kelch_like_ech_associated_protein_1,0.5714285714285715,0.760752688172043,0.9690721649484536
kinesin_like_protein_kifc1,1.0,1.0,1.0
kininogen_1,1.0,1.0,1.0
kiss_1_receptor,0.9655172413793104,0.9998596359893324,0.9973890339425588
kynurenine_3_monooxygenase,0.8888888888888888,0.996929089893914,0.995085995085995
kynurenine_alpha_aminoadipate_aminotransferase_mitochondrial,0.9473684210526316,1.0,0.9975
lactoylglutathione_lyase,0.9090909090909092,0.9981651376146791,0.9955156950672646
lanosterol_14_alpha_demethylase,0.6666666666666666,0.992248062015504,0.9775280898876404
lanosterol_synthase,0.8888888888888891,0.9969191015702644,0.9925
legumain,1.0,1.0,1.0
lethal_3_malignant_brain_tumor_like_protein_3,0.9,0.9995623632385121,0.9957173447537472
leucine_rich_repeat_serine_threonine_protein_kinase_2,0.9684210526315791,0.9990191582594518,0.9982179982179982
leucyl_cystinyl_aminopeptidase,0.6,0.996742671009772,0.9871382636655948
leukotriene_a_4_hydrolase,0.9506172839506174,0.9984357798165138,0.9971479500891266
leukotriene_b4_receptor_1,0.9508196721311476,0.9993072208899548,0.9976580796252928
lim_domain_kinase_1,0.8750000000000001,0.9904586026469684,0.9945945945945946
lim_domain_kinase_2,0.8936170212765957,0.9980214152700186,0.9932432432432432
liver_carboxylesterase_1,0.9491525423728816,0.9998310810810812,0.9975288303130148
long_chain_fatty_acid_transport_protein_1,1.0,1.0,1.0
low_affinity_immunoglobulin_epsilon_fc_receptor,1.0,1.0,1.0
low_affinity_sodium_glucose_cotransporter,0.8333333333333333,0.9953917050691244,0.990990990990991
lysine_specific_demethylase_2a,0.6,0.8543859649122808,0.9663865546218487
lysine_specific_demethylase_4a,0.9411764705882352,0.9996408045977012,0.9971910112359552
lysine_specific_demethylase_4b,0.6666666666666665,0.9807086614173228,0.9884169884169884
lysine_specific_demethylase_4c,0.8421052631578948,0.9636015325670498,0.9943714821763602
lysine_specific_demethylase_4d,0.8,0.9915611814345991,0.9878048780487804
lysine_specific_demethylase_4e,0.7142857142857143,0.9982456140350878,0.9663865546218487
lysine_specific_demethylase_5a,0.6,0.9942307692307693,0.9701492537313432
lysine_specific_demethylase_5b,0.823529411764706,0.8573422668900056,0.9926289926289926
lysine_specific_demethylase_5c,0.8421052631578948,0.9407502131287296,0.9925
lysine_specific_demethylase_6b,0.6666666666666666,0.9154929577464791,0.9797297297297296
lysine_specific_histone_demethylase_1a,0.9438202247191012,0.999848132023894,0.9965588437715072
lysine_trna_ligase,0.8235294117647058,1.0,0.990990990990991
lysophosphatidic_acid_receptor_1,1.0,1.0,1.0
lysophosphatidic_acid_receptor_2,0.8000000000000002,0.8410596026490067,0.9871794871794872
lysophosphatidic_acid_receptor_3,1.0,1.0,1.0
lysophosphatidic_acid_receptor_4,1.0,1.0,1.0
lysophosphatidic_acid_receptor_5,1.0,1.0,1.0
lysosomal_alpha_glucosidase,0.6666666666666666,0.8275193798449612,0.9775280898876404
lysosomal_protective_protein,1.0,1.0,1.0
lysosomal_pro_x_carboxypeptidase,0.9037037037037036,0.9929464805119256,0.9944938585345192
l_lactate_dehydrogenase_a_chain,0.9444444444444444,1.0,0.9966216216216216
l_lactate_dehydrogenase_b_chain,0.8888888888888891,1.0,0.9915966386554622
macrophage_colony_stimulating_factor_1_receptor,0.9257142857142858,0.9988808962405296,0.9956199460916442
macrophage_metalloelastase,0.9433962264150944,0.9993473688164368,0.9967567567567568
macrophage_migration_inhibitory_factor,0.75,0.9569444444444444,0.9927007299270072
macrophage_stimulating_protein_receptor,0.923076923076923,1.0,0.9945945945945946
malonyl_coa_decarboxylase_mitochondrial,0.8767123287671232,0.9982408098912952,0.9943181818181818
maltase_glucoamylase_intestinal,1.0,1.0,1.0
map_kinase_activated_protein_kinase_2,0.9705882352941176,0.9992374727668843,0.9985549132947976
map_kinase_interacting_serine_threonine_protein_kinase_1,0.5714285714285715,0.9883720930232558,0.9662921348314608
map_kinase_interacting_serine_threonine_protein_kinase_2,0.9433962264150944,0.9994313482216708,0.9961038961038962
mast_stem_cell_growth_factor_receptor_kit,0.8918918918918919,0.9907904973855144,0.9935275080906149
maternal_embryonic_leucine_zipper_kinase,0.9852941176470588,0.9985562970006904,0.9991239597021464
matrilysin,0.9647058823529412,0.9986807807235044,0.998051948051948
matrix_metalloproteinase_14,0.9722222222222222,0.9998245710213256,0.9984245766049624
matrix_metalloproteinase_15,0.8571428571428571,1.0,0.9896907216494846
matrix_metalloproteinase_16,0.8,1.0,0.991304347826087
matrix_metalloproteinase_9,0.9669749009247028,0.999477370597862,0.9981448501038884
melanin_concentrating_hormone_receptor_1,0.9884467265725291,0.9994686727367474,0.9993994394768452
melanin_concentrating_hormone_receptor_2,1.0,1.0,1.0
melanocortin_receptor_3,0.8695652173913043,0.9929363376251789,0.9937238493723848
melanocortin_receptor_4,0.9883449883449884,0.9998207606993568,0.9993245981358908
melanocortin_receptor_5,0.7999999999999999,0.9952274896595608,0.9870410367170628
melanocyte_stimulating_hormone_receptor,0.8181818181818182,0.997863247863248,0.9922928709055876
melatonin_receptor_type_1a,0.954732510288066,0.9998520741731236,0.9974418604651164
melatonin_receptor_type_1b,0.9782608695652174,0.9999611908585068,0.9986922406277244
membrane_bound_transcription_factor_site_1_protease,0.9090909090909092,0.9956140350877192,0.9915966386554622
membrane_metallo_endopeptidase_like_1,0.8750000000000001,1.0,0.9938650306748468
membrane_primary_amine_oxidase,0.9180327868852458,0.9981452967525196,0.9945945945945946
menin,0.9090909090909092,0.9994620763851532,0.994269340974212
metabotropic_glutamate_receptor_1,0.9444444444444444,0.9982302246845184,0.9971550497866288
metabotropic_glutamate_receptor_2,0.8947368421052632,0.9989882266372332,0.9935691318327974
metabotropic_glutamate_receptor_3,1.0,1.0,1.0
metabotropic_glutamate_receptor_4,0.8571428571428571,0.99910434393193,0.9938650306748468
metabotropic_glutamate_receptor_5,0.9512195121951221,0.9991290556391212,0.9971850809289232
methionine_aminopeptidase_1,0.8421052631578948,0.9978813559322034,0.9937629937629938
methionine_aminopeptidase_2,0.9733333333333332,0.9999726668415988,0.9984289080911232
methionine_trna_ligase_cytoplasmic,0.8571428571428571,0.99875,0.9903846153846154
methylated_dna_protein_cysteine_methyltransferase,1.0,1.0,1.0
microsomal_triglyceride_transfer_protein_large_subunit,0.972972972972973,1.0,0.9981981981981982
microtubule_associated_protein_2,1.0,1.0,1.0
microtubule_associated_protein_tau,0.8488745980707395,0.9915410921870776,0.9916518650088809
mineralocorticoid_receptor,0.9333333333333332,0.9968652037617556,0.9966216216216216
mitogen_activated_protein_kinase_10,0.9315068493150684,0.9997378768020971,0.9955555555555556
mitogen_activated_protein_kinase_11,0.5,0.9811946902654868,0.9739130434782608
mitogen_activated_protein_kinase_13,0.8571428571428571,0.9938186813186812,0.9906976744186048
mitogen_activated_protein_kinase_14,0.95,0.9980546856179234,0.9971334971334972
mitogen_activated_protein_kinase_1,0.9969418960244648,0.9999988782283186,0.9998224431818182
mitogen_activated_protein_kinase_3,1.0,1.0,1.0
mitogen_activated_protein_kinase_8,0.9708737864077671,0.9997855894681548,0.9984042553191488
mitogen_activated_protein_kinase_9,0.9375,0.9273145780051152,0.9966216216216216
mitogen_activated_protein_kinase_kinase_kinase_11,0.7272727272727273,0.9945255474452556,0.9787234042553192
mitogen_activated_protein_kinase_kinase_kinase_12,1.0,1.0,1.0
mitogen_activated_protein_kinase_kinase_kinase_14,1.0,1.0,1.0
mitogen_activated_protein_kinase_kinase_kinase_19,0.8571428571428571,0.9925,0.9903846153846154
mitogen_activated_protein_kinase_kinase_kinase_5,0.7272727272727273,1.0,0.9901315789473684
mitogen_activated_protein_kinase_kinase_kinase_7,0.7142857142857143,0.731139646869984,0.9783783783783784
mitogen_activated_protein_kinase_kinase_kinase_8,1.0,1.0,1.0
mitogen_activated_protein_kinase_kinase_kinase_9,0.6666666666666666,0.9919354838709676,0.9793814432989691
mitogen_activated_protein_kinase_kinase_kinase_kinase_4,0.75,0.9984276729559748,0.9877300613496932
monocarboxylate_transporter_1,1.0,1.0,1.0
monoglyceride_lipase,0.8421052631578948,0.9781758957654724,0.992845786963434
multidrug_and_toxin_extrusion_protein_1,0.0,0.8294573643410852,0.9213483146067416
multidrug_resistance_associated_protein_1,1.0,1.0,1.0
multidrug_resistance_protein_1,0.915966386554622,0.9976182103008407,0.9951923076923076
muscarinic_acetylcholine_receptor_m1,0.8750000000000001,0.9928070021497828,0.9931355724442266
muscarinic_acetylcholine_receptor_m2,0.9272030651340996,0.9930356222546084,0.9957843354781452
muscarinic_acetylcholine_receptor_m3,0.9428571428571428,0.9987695528610192,0.9969078540507113
muscarinic_acetylcholine_receptor_m4,0.8378378378378379,0.9418127147766322,0.9919732441471572
muscarinic_acetylcholine_receptor_m5,0.918032786885246,0.9841570703097059,0.994640943193998
mu_type_opioid_receptor,0.9747474747474748,0.9977009521098832,0.9984423676012462
myeloperoxidase,0.9696969696969696,0.9842328684050942,0.9985632183908046
m_phase_inducer_phosphatase_1,0.25,0.7208029197080291,0.9574468085106383
m_phase_inducer_phosphatase_2,0.7058823529411765,0.9781187837453822,0.9875
nadph_oxidase_4,0.8888888888888888,0.9994891443167304,0.9954954954954957
nad_dependent_protein_deacetylase_sirtuin_1,0.6956521739130435,0.9958246346555324,0.9857142857142858
nad_dependent_protein_deacetylase_sirtuin_2,0.9589041095890412,0.9991580365412142,0.997
nad_dependent_protein_deacetylase_sirtuin_3_mitochondrial,0.6666666666666666,1.0,0.986842105263158
nad_p_h_dehydrogenase_quinone_1,0.7777777777777778,1.0,0.990521327014218
natriuretic_peptides_a,1.0,1.0,1.0
natural_resistance_associated_macrophage_protein_2,0.8333333333333333,1.0,0.990990990990991
neprilysin,0.953125,0.9994274698515769,0.9972972972972972
neurogenic_locus_notch_homolog_protein_1,1.0,1.0,1.0
neurogenic_locus_notch_homolog_protein_3,1.0,1.0,1.0
neuromedin_k_receptor,0.981132075471698,0.9978819567529243,0.998965873836608
neuronal_acetylcholine_receptor_subunit_alpha_3,0.8,0.9882629107981221,0.9864864864864864
neuronal_acetylcholine_receptor_subunit_alpha_4,0.983050847457627,0.9999705275567344,0.999165971643036
neuropeptide_ff_receptor_1,0.7499999999999999,0.805298013245033,0.9871794871794872
neuropeptide_ff_receptor_2,1.0,1.0,1.0
neuropeptide_s_receptor,1.0,1.0,1.0
neuropeptide_y_receptor_type_1,1.0,1.0,1.0
neuropeptide_y_receptor_type_2,0.9302325581395348,0.97590864253737,0.9949664429530202
neuropeptide_y_receptor_type_4,1.0,1.0,1.0
neuropeptide_y_receptor_type_5,0.9568106312292358,0.9970771343850686,0.9974908318857364
neurotensin_receptor_type_1,1.0,1.0,1.0
neurotensin_receptor_type_2,1.0,1.0,1.0
neutral_cholesterol_ester_hydrolase_1,1.0,1.0,1.0
neutrophil_collagenase,0.9714285714285714,0.9995965138799224,0.9984298948029516
neutrophil_elastase,0.9429280397022332,0.9877227214598256,0.996749116607774
nicotinamide_phosphoribosyltransferase,0.8985507246376812,0.9904105375526968,0.994336569579288
niemann_pick_c1_like_protein_1,0.6666666666666666,0.96158940397351,0.9743589743589745
nischarin,0.9117647058823528,0.9498075741405518,0.9938144329896909
nitric_oxide_synthase_endothelial,0.7999999999999999,0.9967607383741568,0.9891304347826086
nitric_oxide_synthase_inducible,0.9047619047619048,0.9949847765945938,0.9946613279946612
nociceptin_receptor,0.9758713136729222,0.9997893790230972,0.9986884290294374
non_lysosomal_glucosylceramidase,0.983050847457627,1.0,0.9987608426270136
non_receptor_tyrosine_protein_kinase_tyk2,0.8846153846153846,0.9974114774114774,0.9928909952606636
nt_3_growth_factor_receptor,0.8571428571428571,1.0,0.9938650306748468
nuclear_receptor_ror_gamma,0.9579831932773109,0.9995835458099608,0.9975259772389906
nuclear_receptor_subfamily_1_group_i_member_2,0.8571428571428571,0.996124031007752,0.9887640449438202
nuclear_receptor_subfamily_1_group_i_member_3,0.8571428571428571,0.8942307692307692,0.9925373134328358
nucleotide_binding_oligomerization_domain_containing_protein_2,1.0,1.0,1.0
n_acetylated_alpha_linked_acidic_dipeptidase_2,1.0,1.0,1.0
n_acylethanolamine_hydrolyzing_acid_amidase,1.0,1.0,1.0
n_lysine_methyltransferase_smyd2,0.5454545454545454,1.0,0.9603174603174603
opioid_growth_factor_receptor_like_protein_1,0.9333333333333332,0.9979693140794222,0.9964912280701754
orexin_receptor_type_1,0.9642857142857142,0.9961619916951048,0.9979529170931424
orexin_receptor_type_2,0.9823529411764704,0.9999160221857668,0.9990313206328704
oxysterols_receptor_lxr_alpha,0.9347826086956522,0.9857047236565308,0.9966499162479062
oxysterols_receptor_lxr_beta,0.9516129032258064,0.9997085964060224,0.9971751412429378
oxytocin_receptor,0.99009900990099,0.9998765333226552,0.999342105263158
p2x_purinoceptor_3,0.9970326409495548,0.9999759871771524,0.999835607430544
p2x_purinoceptor_7,0.9849749582637729,0.9985385495871149,0.9991300985888266
p2y_purinoceptor_12,0.9855072463768116,0.9989516980890496,0.9991310015207472
p2y_purinoceptor_1,0.9523809523809524,0.9999144201968336,0.9972714870395636
p2y_purinoceptor_4,1.0,1.0,1.0
p2y_purinoceptor_6,1.0,1.0,1.0
palmitoleoyl_protein_carboxylesterase_notum,0.9523809523809524,1.0,0.9978586723768736
parathyroid_hormone_parathyroid_hormone_related_peptide_receptor,0.75,0.8709349593495934,0.9842519685039369
peptide_deformylase_mitochondrial,1.0,1.0,1.0
peptidyl_prolyl_cis_trans_isomerase_a,0.9565217391304348,0.999874521613652,0.9972067039106144
peptidyl_prolyl_cis_trans_isomerase_fkbp1a,0.9746835443037976,0.9997891978122152,0.9982409850483728
peptidyl_prolyl_cis_trans_isomerase_fkbp5,0.6666666666666665,0.9962264150943396,0.972972972972973
peptidyl_prolyl_cis_trans_isomerase_nima_interacting_1,0.8333333333333333,0.9516736865440036,0.9888888888888888
peregrin,0.9523809523809524,0.922490208204494,0.9977876106194692
perforin_1,0.9333333333333332,0.9984639016897082,0.9948186528497408
period_circadian_protein_homolog_2,1.0,1.0,1.0
peroxisome_proliferator_activated_receptor_alpha,0.9324324324324323,0.9954739244413552,0.9961180124223602
peroxisome_proliferator_activated_receptor_delta,0.9931972789115648,0.9999945663395604,0.9996095275283092
peroxisome_proliferator_activated_receptor_gamma,0.9836065573770492,0.9961839439319612,0.999126383226558
phenylethanolamine_n_methyltransferase,0.8571428571428572,0.9980842911877394,0.9943714821763602
phosphatidylinositol_4_5_bisphosphate_3_kinase_catalytic_subunit_alpha_isoform,0.9584086799276672,0.996448736884212,0.9976278877887788
phosphatidylinositol_4_5_bisphosphate_3_kinase_catalytic_subunit_beta_isoform,0.9392265193370166,0.9980766713689444,0.9963576158940396
phosphatidylinositol_4_5_bisphosphate_3_kinase_catalytic_subunit_delta_isoform,0.9162995594713657,0.9963403225548207,0.9952285283776996
phosphatidylinositol_4_5_bisphosphate_3_kinase_catalytic_subunit_gamma_isoform,0.916030534351145,0.9926992073425116,0.9955375253549696
phosphatidylinositol_4_kinase_alpha,1.0,1.0,1.0
phosphoethanolamine_phosphocholine_phosphatase,0.875,0.9953125,0.9903846153846154
phospholipase_a2_membrane_associated,0.9333333333333332,0.9944492879976752,0.9966015293118096
phospholipase_a2,1.0,1.0,1.0
phospholipase_d1,0.972972972972973,0.9818809318377912,0.9984101748807632
phospholipase_d2,1.0,1.0,1.0
plasma_kallikrein,0.967741935483871,0.999833578342995,0.998324958123953
plasminogen_activator_inhibitor_1,0.7777777777777777,0.8349301397205589,0.9921722113502937
platelet_activating_factor_acetylhydrolase,0.9848484848484848,1.0,0.9991111111111112
platelet_activating_factor_receptor,0.8787878787878789,0.9892498997192138,0.9943701618578464
poly_adp_ribose_polymerase_1,0.9809264305177112,0.9993780437468393,0.9988336249271016
poly_adp_ribose_polymerase_2,0.9473684210526316,0.9993927125506072,0.998015873015873
poly_adp_ribose_polymerase_3,0.8571428571428571,0.992248062015504,0.9887640449438202
potassium_channel_subfamily_k_member_2,0.4,0.944672131147541,0.9523809523809524
potassium_channel_subfamily_k_member_3,0.9454545454545454,0.9997964997964998,0.9960264900662252
potassium_channel_subfamily_k_member_9,0.9411764705882352,1.0,0.997067448680352
potassium_sodium_hyperpolarization_activated_cyclic_nucleotide_gated_channel_1,1.0,1.0,1.0
potassium_sodium_hyperpolarization_activated_cyclic_nucleotide_gated_channel_4,1.0,1.0,1.0
potassium_transporting_atpase_subunit_beta,1.0,1.0,1.0
potassium_voltage_gated_channel_subfamily_a_member_3,0.9696969696969696,1.0,0.9987937273823884
potassium_voltage_gated_channel_subfamily_a_member_5,0.9502262443438914,0.995310157611118,0.9972575417601596
potassium_voltage_gated_channel_subfamily_h_member_2,0.9041262135922329,0.989189128498505,0.995157978609298
potassium_voltage_gated_channel_subfamily_kqt_member_1,1.0,1.0,1.0
presenilin_1,0.5,0.9415094339622642,0.9639639639639641
probable_g_protein_coupled_receptor_139,0.6666666666666665,0.981132075471698,0.972972972972973
probable_g_protein_coupled_receptor_142,1.0,1.0,1.0
probable_g_protein_coupled_receptor_52,1.0,1.0,1.0
probable_g_protein_coupled_receptor_88,1.0,1.0,1.0
progesterone_receptor,0.963768115942029,0.9990474909791792,0.9978415713360672
prolactin_releasing_peptide_receptor,0.9696969696969696,0.9972890025575448,0.9983108108108107
prolyl_endopeptidase_fap,0.9230769230769232,0.9992598684210526,0.9954476479514416
prolyl_endopeptidase,0.983050847457627,1.0,0.9991503823279524
prostacyclin_receptor,0.9,0.9686192468619248,0.9959100204498976
prostaglandin_d2_receptor_2,0.9945945945945946,0.9999942453108874,0.9996903065964696
prostaglandin_d2_receptor,0.9577464788732396,1.0,0.9979006298110566
prostaglandin_e2_receptor_ep1_subtype,0.9559748427672956,0.9997179441260744,0.9975626740947076
prostaglandin_e2_receptor_ep2_subtype,0.9268292682926828,0.9989771129011634,0.9959072305593452
prostaglandin_e2_receptor_ep3_subtype,0.9861111111111112,0.999891795970482,0.999232245681382
prostaglandin_e2_receptor_ep4_subtype,1.0,1.0,1.0
prostaglandin_e_synthase_2,1.0,1.0,1.0
prostaglandin_e_synthase,0.9492753623188404,0.992942214380238,0.9970066281804576
prostaglandin_g_h_synthase_1,0.9197080291970802,0.9985891234242156,0.9953111679454392
prostaglandin_g_h_synthase_2,0.9613095238095236,0.9971428556333768,0.997721496801332
prostasin,1.0,1.0,1.0
prostate_specific_antigen,1.0,1.0,1.0
proteasome_subunit_beta_type_1,0.7692307692307692,0.8678380443086325,0.9845360824742267
proteasome_subunit_beta_type_2,0.7692307692307692,0.9984721161191751,0.9845360824742267
proteasome_subunit_beta_type_5,0.9638554216867471,0.99993829160303,0.998150431565968
proteasome_subunit_beta_type_8,1.0,1.0,1.0
proteinase_activated_receptor_1,0.9724770642201834,0.999818369531967,0.9984407484407484
protein_arginine_n_methyltransferase_1,0.8333333333333333,0.9112903225806452,0.9896373056994818
protein_arginine_n_methyltransferase_6,0.7499999999999999,0.9205298013245032,0.9871794871794872
protein_arginine_n_methyltransferase_8,1.0,1.0,1.0
protein_glutamine_gamma_glutamyltransferase_2,0.9473684210526316,0.9997644287396936,0.9974182444061962
protein_kinase_c_alpha_type,0.9268292682926828,0.99896414099869,0.9962616822429906
protein_kinase_c_beta_type,0.975609756097561,0.9997762863534676,0.9986945169712794
protein_kinase_c_delta_type,0.9491525423728812,0.9980075159524829,0.997709923664122
protein_kinase_c_epsilon_type,0.7555555555555555,0.9788487145344668,0.9858429858429858
protein_kinase_c_eta_type,0.9473684210526316,0.9998236798025214,0.9967532467532468
protein_kinase_c_gamma_type,1.0,1.0,1.0
protein_kinase_c_theta_type,0.9384615384615383,0.999789167916042,0.9961259079903148
protein_mdm4,0.8571428571428571,0.8638871857755978,0.9916666666666668
protein_o_glcnacase,0.9523809523809524,0.9985795454545452,0.9978213507625272
protein_serine_o_palmitoleoyltransferase_porcupine,0.9411764705882352,1.0,0.99438202247191
protein_s_isoprenylcysteine_o_methyltransferase,1.0,1.0,1.0
protein_tyrosine_kinase_2_beta,0.7692307692307693,0.9764705882352942,0.9831460674157304
protein_tyrosine_kinase_6,0.8888888888888891,0.9817164179104478,0.9861111111111112
protein_wnt_3a,0.5,0.6973684210526315,0.9663865546218487
prothrombin,0.9822380106571936,0.9996159141408528,0.998994823340202
proton_coupled_folate_transporter,1.0,1.0,1.0
protoporphyrinogen_oxidase,0.8,0.9984276729559748,0.9877300613496932
proto_oncogene_tyrosine_protein_kinase_ros,1.0,1.0,1.0
proto_oncogene_tyrosine_protein_kinase_src,0.9858156028368794,0.9992599901332018,0.9990467111534796
pro_cathepsin_h,0.0,0.94,0.9615384615384616
purine_nucleoside_phosphorylase,0.9487179487179488,0.99960666791534,0.9972279972279972
putative_p2y_purinoceptor_10,1.0,1.0,1.0
rac_alpha_serine_threonine_protein_kinase,0.9751552795031057,0.9980374318259624,0.9985088536812676
rac_beta_serine_threonine_protein_kinase,0.9767441860465116,0.996648215308265,0.9985576923076924
rac_gamma_serine_threonine_protein_kinase,0.9285714285714286,0.9962287104622869,0.9964476021314388
raf_proto_oncogene_serine_threonine_protein_kinase,0.9375,0.9998307150595884,0.9958115183246072
receptor_interacting_serine_threonine_protein_kinase_1,0.8888888888888891,0.8930875576036866,0.9954954954954957
receptor_type_tyrosine_protein_kinase_flt3,0.900523560209424,0.9985452077431538,0.9947600661886375
receptor_type_tyrosine_protein_phosphatase_beta,0.9090909090909092,0.9984251968503935,0.996138996138996
receptor_type_tyrosine_protein_phosphatase_c,0.8888888888888891,0.9892241379310344,0.9957805907172996
receptor_tyrosine_protein_kinase_erbb_4,0.6666666666666666,1.0,0.9831223628691984
renin,0.9386845039018952,0.9992010722382269,0.996713671128107
retinal_rod_rhodopsin_sensitive_cgmp_3_5_cyclic_phosphodiesterase_subunit_delta,0.6666666666666665,0.9333333333333332,0.9821958456973294
retinoic_acid_receptor_alpha,1.0,1.0,1.0
retinoic_acid_receptor_beta,0.9444444444444444,0.9974901125646488,0.9971870604781996
retinoic_acid_receptor_gamma,0.9411764705882352,1.0,0.9970326409495548
retinoic_acid_receptor_rxr_alpha,0.9473684210526316,0.9996799939763572,0.9972144846796658
retinoic_acid_receptor_rxr_beta,1.0,1.0,1.0
retinoic_acid_receptor_rxr_gamma,0.9473684210526316,0.9957330415754924,0.9978586723768736
rho_associated_protein_kinase_1,0.8571428571428572,0.9973360831829508,0.9910011248593926
rho_associated_protein_kinase_2,0.9590163934426228,0.9979641185497611,0.997704315886134
ribosomal_protein_s6_kinase_alpha_3,0.92,0.9961153314917128,0.9946524064171124
ribosomal_protein_s6_kinase_alpha_5,0.9090909090909092,1.0,0.9959183673469388
ribosomal_protein_s6_kinase_beta_1,0.9913043478260868,0.9999729334704704,0.999492127983748
ribosyldihydronicotinamide_dehydrogenase_quinone_,0.9411764705882354,0.996636964645013,0.9961127308066084
rod_cgmp_specific_3_5_cyclic_phosphodiesterase_subunit_alpha,0.9333333333333332,1.0,0.997067448680352
scavenger_receptor_class_b_member_1,0.9473684210526316,1.0,0.9973544973544972
serine_protease_hepsin,1.0,1.0,1.0
serine_threonine_protein_kinase_chk1,0.9659090909090908,0.9996185384707216,0.9980855137204849
serine_threonine_protein_kinase_chk2,0.923076923076923,0.9994675186368478,0.9968652037617556
serine_threonine_protein_kinase_d1,0.8888888888888888,0.9988833054159688,0.995085995085995
serine_threonine_protein_kinase_mtor,0.9857328145265888,0.9999513714107872,0.9991339264624832
serine_threonine_protein_kinase_nek1,0.9836065573770492,1.0,0.9991714995857498
serine_threonine_protein_kinase_pak_1,0.88,0.9998258446534308,0.9943714821763602
serine_threonine_protein_kinase_pak_4,0.8888888888888888,0.9965473948524796,0.9944903581267218
serine_threonine_protein_kinase_pim_1,0.991150442477876,0.999920360103248,0.9995182464169576
serine_threonine_protein_kinase_pim_2,0.983050847457627,0.9995337129652554,0.9990382303438328
serine_threonine_protein_kinase_pim_3,0.9834710743801652,0.9999182949796348,0.9990400767938564
serine_threonine_protein_kinase_plk1,0.9,0.9970088605451776,0.9952038369304556
serine_threonine_protein_kinase_plk2,0.875,0.9360294117647058,0.9887640449438202
serine_threonine_protein_kinase_plk3,0.9333333333333332,0.998125,0.9951923076923076
serine_threonine_protein_kinase_plk4,1.0,1.0,1.0
serine_threonine_protein_kinase_receptor_r3,0.8421052631578948,0.9967223861029171,0.9913793103448276
serine_threonine_protein_kinase_sgk1,1.0,1.0,1.0
serine_threonine_protein_kinase_tbk1,0.9714285714285714,1.0,0.99835255354201
serine_threonine_protein_kinase_tnni3k,0.8750000000000001,1.0,0.9891891891891892
short_transient_receptor_potential_channel_6,0.8888888888888891,1.0,0.9938650306748468
small_conductance_calcium_activated_potassium_channel_protein_3,0.4,0.9371069182389936,0.98159509202454
smoothened_homolog,0.9382716049382716,0.9671320921985816,0.9971131639722864
sn1_specific_diacylglycerol_lipase_alpha,0.9411764705882352,0.9995964080314802,0.9966666666666668
sodium_calcium_exchanger_1,1.0,1.0,1.0
sodium_channel_protein_type_10_subunit_alpha,0.8627450980392156,0.9387745770461821,0.991636798088411
sodium_channel_protein_type_1_subunit_alpha,0.75,0.9908976773383552,0.9889807162534436
sodium_channel_protein_type_2_subunit_alpha,0.7000000000000001,0.9773763020833334,0.9848484848484848
sodium_channel_protein_type_3_subunit_alpha,0.5714285714285715,0.9645922746781116,0.9873417721518988
sodium_channel_protein_type_4_subunit_alpha,0.9583333333333334,0.9887780548628428,0.9952941176470588
sodium_channel_protein_type_5_subunit_alpha,0.874074074074074,0.9818189819384284,0.9924511545293072
sodium_channel_protein_type_8_subunit_alpha,0.6,0.9107981220657276,0.972972972972973
sodium_channel_protein_type_9_subunit_alpha,0.9856054191363252,0.9968483196331296,0.9991925908335312
somatostatin_receptor_type_1,0.8695652173913044,0.9757085020242916,0.9884615384615384
somatostatin_receptor_type_2,0.9583333333333331,0.9987546199582196,0.9962441314553991
somatostatin_receptor_type_3,0.9887640449438202,0.9998679867986798,0.9993589743589744
somatostatin_receptor_type_4,0.8799999999999999,0.998410680228862,0.993963782696177
somatostatin_receptor_type_5,0.9607843137254902,0.999683744465528,0.9978366684694431
sorbitol_dehydrogenase,0.9523809523809524,1.0,0.9978902953586498
sphingosine_1_phosphate_receptor_1,0.987878787878788,0.9998734693002208,0.9993123603231906
sphingosine_1_phosphate_receptor_2,1.0,1.0,1.0
sphingosine_1_phosphate_receptor_3,0.9736842105263158,0.999966807733798,0.9987373737373736
sphingosine_1_phosphate_receptor_4,1.0,1.0,1.0
sphingosine_1_phosphate_receptor_5,0.9850746268656716,1.0,0.9990485252140818
sphingosine_kinase_1,0.8571428571428571,0.9952830188679244,0.9938650306748468
squalene_synthase,0.9411764705882354,0.997546497823506,0.996422182468694
steroid_17_alpha_hydroxylase_17_20_lyase,0.9353233830845772,0.9959799093759524,0.9959145191703332
steroid_hormone_receptor_err1,0.8750000000000001,0.9993131868131868,0.9906976744186048
sterol_o_acyltransferase_1,0.8214285714285715,0.9966629171353578,0.9891186071817192
sterol_o_acyltransferase_2,0.9473684210526316,0.9719101123595504,0.9968895800933126
steryl_sulfatase,0.9696969696969696,0.9998531902879728,0.99835255354201
substance_k_receptor,0.9495798319327732,0.9917584985008372,0.9972299168975071
substance_p_receptor,0.9620253164556962,0.9990447516215788,0.9977430033102618
sucrase_isomaltase_intestinal,0.923076923076923,0.9984025559105429,0.9968652037617556
s_methyl_5_thioadenosine_phosphorylase,0.9473684210526316,0.990991902834008,0.998015873015873
tankyrase_1,0.8955223880597015,0.9831075632962426,0.995049504950495
tankyrase_2,0.8915662650602411,0.9860847240051348,0.9938608458390176
telomerase_reverse_transcriptase,0.8135593220338982,0.9266696087084436,0.9905417024935512
testosterone_17_beta_dehydrogenase_3,1.0,1.0,1.0
tgf_beta_receptor_type_1,0.9612403100775192,0.999070777111444,0.9975786924939468
thromboxane_a2_receptor,0.9921259842519684,0.9983556512505899,0.999541914796152
thymidine_phosphorylase,1.0,1.0,1.0
thymidylate_synthase,0.9384615384615386,0.9936325199938872,0.9962228517469309
thyroid_hormone_receptor_alpha,0.9387755102040816,0.9326270744181192,0.9960681520314548
thyroid_hormone_receptor_beta,0.9382716049382716,0.9989149094678196,0.9967679379444084
tissue_alpha_l_fucosidase,0.8571428571428571,0.9918930762489044,0.993993993993994
tissue_type_plasminogen_activator,0.7647058823529413,0.9964720194647204,0.9857904085257548
toll_like_receptor_9,0.8571428571428571,0.9984276729559748,0.9938650306748468
trace_amine_associated_receptor_1,1.0,1.0,1.0
traf2_and_nck_interacting_protein_kinase,0.9615384615384616,0.999801232359372,0.9975
transcription_intermediary_factor_1_alpha,1.0,1.0,1.0
transient_receptor_potential_cation_channel_subfamily_a_member_1,0.8409090909090909,0.9949232379623169,0.9904955872369314
transient_receptor_potential_cation_channel_subfamily_m_member_8,0.962962962962963,0.9999758755661704,0.9979773462783172
transient_receptor_potential_cation_channel_subfamily_v_member_1,0.9749582637729548,0.9979698911732332,0.9985490423679628
transient_receptor_potential_cation_channel_subfamily_v_member_3,0.9870129870129868,1.0,0.9993887530562348
transient_receptor_potential_cation_channel_subfamily_v_member_4,0.6153846153846153,0.9303242769500436,0.984984984984985
transitional_endoplasmic_reticulum_atpase,0.9152542372881356,0.9996738518101224,0.9958053691275168
transketolase,0.9411764705882352,1.0,0.9971910112359552
transmembrane_prolyl_4_hydroxylase,0.8000000000000002,0.9880794701986756,0.9871794871794872
transmembrane_protease_serine_11d,0.8888888888888891,1.0,0.9967845659163987
trypsin_1,0.9847094801223242,0.9999591705168154,0.9991436889878405
tryptase_alpha_beta_1,0.984126984126984,0.9995948136142624,0.999210110584518
tryptophan_5_hydroxylase_1,1.0,1.0,1.0
type_2_angiotensin_ii_receptor,0.9690721649484536,0.9997709521519044,0.9983615510649918
tyrosine_protein_kinase_abl1,0.9411764705882352,0.9994093593820992,0.9964734405995151
tyrosine_protein_kinase_btk,0.9041095890410958,0.998458632742114,0.9946091644204852
tyrosine_protein_kinase_fyn,0.8,0.9353535353535354,0.9883040935672516
tyrosine_protein_kinase_hck,0.85,0.9497568881685574,0.9905808477237048
tyrosine_protein_kinase_itk_tsk,0.9487179487179488,0.999849578820698,0.9976498237367802
tyrosine_protein_kinase_jak2,0.9493891797556718,0.9993571380020604,0.9970198335217346
tyrosine_protein_kinase_jak3,0.9640287769784172,0.999138850561215,0.9978170705086226
tyrosine_protein_kinase_lck,0.8934010152284264,0.9969524913093858,0.9940878378378378
tyrosine_protein_kinase_lyn,0.75,0.9722991689750692,0.9891891891891892
tyrosine_protein_kinase_mer,1.0,1.0,1.0
tyrosine_protein_kinase_receptor_tyro3,0.9411764705882352,1.0,0.99438202247191
tyrosine_protein_kinase_receptor_ufo,0.8000000000000002,0.9983805668016196,0.992063492063492
tyrosine_protein_kinase_syk,0.9710982658959536,0.9977065674804512,0.9984045947670708
tyrosine_protein_kinase_yes,0.75,0.9744052996085516,0.9894179894179894
tyrosine_protein_phosphatase_non_receptor_type_11,0.8888888888888891,0.9915662650602408,0.9941520467836256
tyrosine_protein_phosphatase_non_receptor_type_1,0.9477124183006536,0.9909915987247654,0.996719967199672
tyrosine_protein_phosphatase_non_receptor_type_22,1.0,1.0,1.0
tyrosine_protein_phosphatase_non_receptor_type_2,0.9836065573770492,1.0,0.9991452991452991
tyrosyl_dna_phosphodiesterase_2,0.8,1.0,0.9934210526315791
udp_glucuronosyltransferase_2b7,1.0,1.0,1.0
urokinase_type_plasminogen_activator,0.9807692307692308,0.9999656429211532,0.9988551803091014
urotensin_2_receptor,0.9523809523809524,0.9996295797413792,0.996875
vascular_endothelial_growth_factor_receptor_1,0.823529411764706,0.962551114628677,0.9892665474060824
vascular_endothelial_growth_factor_receptor_3,0.606060606060606,0.9391866741112972,0.9788617886178862
vasopressin_v1a_receptor,0.9710982658959536,0.9998974550200428,0.9980835569183596
vasopressin_v1b_receptor,1.0,1.0,1.0
vasopressin_v2_receptor,0.9777777777777776,0.9997687109247948,0.99859287054409
vitamin_d3_receptor,0.9454545454545454,0.9984491315136476,0.9961038961038962
vitamin_k_dependent_protein_c,0.9333333333333332,1.0,0.9969325153374232
voltage_dependent_calcium_channel_subunit_alpha_2_delta_1,0.9859154929577464,1.0,0.9991111111111112
voltage_dependent_calcium_channel_subunit_alpha_2_delta_2,0.9411764705882352,1.0,0.9951923076923076
voltage_dependent_l_type_calcium_channel_subunit_alpha_1c,0.8679245283018868,0.9387329088821628,0.9908256880733946
voltage_dependent_l_type_calcium_channel_subunit_alpha_1d,0.923076923076923,0.8853021978021978,0.9953488372093025
voltage_dependent_l_type_calcium_channel_subunit_alpha_1s,0.7499999999999999,1.0,0.9932432432432432
voltage_dependent_n_type_calcium_channel_subunit_alpha_1b,0.9873417721518988,0.9999647390691112,0.9993141289437586
voltage_dependent_t_type_calcium_channel_subunit_alpha_1g,0.9113924050632912,0.99169621749409,0.9959584295612008
voltage_dependent_t_type_calcium_channel_subunit_alpha_1h,0.8125000000000001,0.9865929277693984,0.9911894273127754
voltage_dependent_t_type_calcium_channel_subunit_alpha_1i,1.0,1.0,1.0
wee1_like_protein_kinase,0.9565217391304348,0.999844527363184,0.998175182481752
xanthine_dehydrogenase_oxidase,0.8888888888888891,0.9971553610503282,0.9957173447537472
_pyruvate_dehydrogenase_acetyl_transferring_kinase_isozyme_1_mitochondrial,0.9787234042553192,0.9988489871086556,0.998663101604278
_pyruvate_dehydrogenase_acetyl_transferring_kinase_isozyme_2_mitochondrial,1.0,1.0,1.0
